名称,排名,网站,反链,推荐
城市吧,22284,city8.com,7106,31
驴妈妈旅游网,85671,lvmama.com,34929,32
广州汽车客运站,1707125,gzkyz.com.cn,20,33
中国东方航空,9237,www.ceair.com,537,34
携程火车票官网,829,trains.ctrip.com,521,35
国泰航空,11686,cathaypacific.com,145,36
高铁网,22541,www.gaotie.cn,2305,37
深圳口岸中旅官网_,47090,ctsto.com,69,38
天巡网,35501,tianxun.com,271,39
北京旅游网,19380,visitbeijing.com.cn,437,40
地球在线,25921,earthol.com,129,41
香格里拉酒店集团官网,25008,shangri-la.com,258,42
在途旅行网,555829,youabc.cn,445,43
114票务网,116285,114piaowu.com,3329,44
欢乐谷连锁主题公园,281595,happyvalley.cn,131,45
四川旅游网,21309,dreams-travel.com,310,46
厦门航空官网,30902,xiamenair.com,319,47
一嗨租车,79757,1hai.cn,3075,48
新加坡航空,4439,singaporeair.com,115,49
北京中国国际旅行社,458700,zglxw.com,869,50
铁友网,752303,tieyou.com,4149,51
上香港网,5589555,3hk.cn,383,52
凯悦酒店集团官方网站,4211,hyatt.com,818,53
华住酒店官网,37142,huazhu.com,396,54
去哪儿网机票,6991,flight.qunar.com,3907,55
IHG,3135,ihg.com,316,56
船讯网,48094,shipxy.com,128,57
德国汉莎航空官网,4067,lufthansa.com,185,58
阿联酋航空,1670,emirates.com,173,59
加拿大航空,2892,aircanada.com,87,60
大麦网,65752,damai.cn,1101,61
喜达屋酒店及度假村,345689,starwoodhotels.com,642,62
海南航空,39033,hnair.com,586,63
中国签证资讯网,1087736,qianzhengdaiban.com,868,64
上海地铁,185428,shmetro.com,211,65
火车票网,200129,huochepiao.com,5537,66
格林豪泰连锁酒店官网,403155,998.com,770,67
卡塔尔航空,1284,qatarairways.com,89,68
深圳航空,45972,shenzhenair.com,401,69
四季酒店,13142,fourseasons.com,86,70
长荣航空,24001,evaair.com,86,71
旅游互联,6173379,nettvl.com,59,72
万豪国际酒店集团,38419,marriott.com.cn,74,73
图吧公交网,10572,bus.mapbar.com,3540,74
滴滴出行,10221,didichuxing.com,0,75
携程旅游,829,vacations.ctrip.com,578,76
Welcome to Asia Miles,23030,asiamiles.com,61,77
万爱情侣酒店官网,43319,4000500521.com,24,78
英国航空,3376,britishairways.com,77,79
吉祥航空官方网站,35886,juneyaoair.com,115,80
艺龙旅行网酒店预订,38009,hotel.elong.com,8973,81
腾讯地图,10,map.qq.com,321,82
长隆旅游 ,468420,chimelong.com,679,83
火车网,1639388,huoche.net,2367,84
新西兰旅游局,99658,newzealand.com,299,85
去哪儿酒店,6991,hotel.qunar.com,6562,86
春秋旅游网,1885565,springtour.com,640,87
丽思卡尔顿酒店官网,21890,ritzcarlton.com,91,88
环球旅讯,15618,traveldaily.cn,126,89
去哪儿网旅行频道,6991,travel.qunar.com,2538,90
